model,positive,none_match,host_only,subtype_only,year_only,host_subtype_only,host_year_only,subtype_year_only,host_subtype_year,auc_roc,avg_precision,f1_score,mcc
LightGBM,0.9768796026716904,0.9893982808022924,0.9798270893371758,0.974293059125964,0.9682165979988228,0.9662379421221864,0.96514745308311,0.8711340206185567,0.6451612903225806,0.9931413784239403,0.9883508885083776,0.9627816693391849,0.9346343837404748
1-NN (margin),0.984415139578695,0.9873925501432664,0.978386167146974,0.9794344473007712,0.9582107121836374,0.9710610932475884,0.9463806970509384,0.8917525773195877,0.6586021505376344,0.985878291191965,0.9743801451510724,0.9651582570732936,0.9388497936425698
MLP,0.9803048467203288,0.9888252148997134,0.9755043227665706,0.9820051413881749,0.9658622719246616,0.9726688102893892,0.9571045576407506,0.9123711340206184,0.7258064516129032,0.989155197641676,0.9771738317543752,0.9672186549509968,0.9424682032363402
