model,positive,none_match,host_only,subtype_only,year_only,host_subtype_only,host_year_only,subtype_year_only,host_subtype_year,auc_roc,avg_precision,f1_score,mcc
LightGBM,0.9809898955300566,0.987679083094556,0.9798270893371758,0.9768637532133676,0.9658622719246616,0.964630225080386,0.9597855227882036,0.8917525773195877,0.6720430107526881,0.9932294473823722,0.9883591111884124,0.9650408558672396,0.9386198043875378
1-NN (margin),0.9857852371981504,0.987679083094556,0.9798270893371758,0.9794344473007712,0.9587992937021778,0.977491961414791,0.9490616621983914,0.8969072164948454,0.6935483870967742,0.9871095074747872,0.9766490802629768,0.9676389005631671,0.9432305534849604
MLP,0.9828737797568076,0.9911174785100286,0.978386167146974,0.9794344473007712,0.9688051795173632,0.9710610932475884,0.9624664879356568,0.8865979381443299,0.6666666666666666,0.9890980118520092,0.9766930266599536,0.9675461519008682,0.9430453253935274
