model,positive,none_match,host_only,subtype_only,year_only,host_subtype_only,host_year_only,subtype_year_only,host_subtype_year,auc_roc,avg_precision,f1_score,mcc
LightGBM,0.9811611577324884,0.9911174785100286,0.9870317002881844,0.974293059125964,0.9682165979988228,0.964630225080386,0.96514745308311,0.8865979381443299,0.6693548387096774,0.9933379156303316,0.9886996350584504,0.9667566655416808,0.9416499498329004
1-NN (margin),0.9851001883884228,0.987679083094556,0.9798270893371758,0.9794344473007712,0.9599764567392584,0.9742765273311896,0.9490616621983914,0.8969072164948454,0.6693548387096774,0.9860252732110956,0.9746371664501312,0.9665602419761384,0.941325135991449
MLP,0.9782497002911458,0.9893982808022924,0.9812680115273776,0.9717223650385604,0.9717480871100648,0.9855305466237942,0.967828418230563,0.922680412371134,0.7446236559139785,0.9889865044816016,0.9767398365254816,0.9688745653464508,0.9454158298749596
