model,positive,none_match,host_only,subtype_only,year_only,host_subtype_only,host_year_only,subtype_year_only,host_subtype_year,auc_roc,avg_precision,f1_score,mcc
LightGBM,0.9796197979106012,0.9879656160458452,0.9827089337175792,0.9794344473007712,0.9676280164802824,0.9565916398713826,0.96514745308311,0.8969072164948454,0.6747311827956989,0.9932121528078638,0.9878940901792383,0.9648309015771276,0.9382491676918648
1-NN (margin),0.9857852371981504,0.987679083094556,0.9798270893371758,0.9794344473007712,0.9587992937021778,0.977491961414791,0.9490616621983914,0.8969072164948454,0.696236559139785,0.9871096167957386,0.9766493210008312,0.9677202420981844,0.94337360163219
MLP,0.9765370782668266,0.9922636103151864,0.9827089337175792,0.9820051413881749,0.9735138316656856,0.9807073954983924,0.970509383378016,0.9329896907216496,0.760752688172043,0.9902776723741604,0.97896548606628,0.9699753338436676,0.9473958682607562
